"name","email","email_verified_at","password","remember_token"
"Verna Gerhold IV","ospencer@example.com","6/12/2021 17:13:03","$2y$10$fq4BLBKjdrLPRnl9/jbIUegdLF/35bJgYp42KQmg3SxJ9OGCASC4a","2jZ2qRe5D9"
"Hiram O'Keefe V","jkeeling@example.org","6/12/2021 17:13:03","$2y$10$OYQjGM50JhZypSyjD7NyweS7215zvgIqBWk9gCQ1r/wR4aVp9oyYe","Vh6jEqEo8B"
"Dr. Jerry Marquardt DDS","rrath@example.org","6/12/2021 17:13:03","$2y$10$PiSINlej9zBIu5FlH7mQUuPj.8rTGQCwHq.VPVg8ToJ47kl10p3Ua","RbXLOyDacn"
"Kristina Herzog","skrajcik@example.com","6/12/2021 17:13:03","$2y$10$zTwVV25qlzRqjEouP9XsYe./k0RnSHJXeJfUplLJkzB75pGCLUR5u","9DuapeltH9"
"Samara Kovacek","reina28@example.net","6/12/2021 17:13:03","$2y$10$02MZhM./3uVCctL8bINu0.iEuhMg/Bmf6/xVCvX/vJTj4UWuJbbR6","6uQyU8Wxaj"
"Dr. Weston Robel DDS","jakubowski.haylie@example.org","6/12/2021 17:13:03","$2y$10$sDj6SeNIVUSZSSOPbQrWR.19G/Q34V6odqF7W19PwFIFjuzRI2XxC","t6UKUiloQj"
"Annabelle Becker","elna81@example.net","6/12/2021 17:13:03","$2y$10$nnwJnaO2LEZTnRkkUNUnLuJH.IGK6WeJxkOjIVUVQhIEDiVXMwQDK","Eocf8Yr9SO"
"Oswaldo Ullrich","willie.skiles@example.com","6/12/2021 17:13:03","$2y$10$9E1TKjDd9b2WLjVgUx9J6.yaf5o/STmSqwsr0UL7CnQ3jMutHSfne","cxLFBPz4yK"
"Malvina Runte","richie.luettgen@example.org","6/12/2021 17:13:03","$2y$10$haOYDPBMwWWeerJlsSQQzOHBGWdvktRMkpj4ybRRq5C.ripKBdSSK","J6Zkfcrst8"
"Mrs. Lucy Runte","julianne67@example.com","6/12/2021 17:13:03","$2y$10$blqmk5yoZ/f8J0gSPk3q8OTQ06.cc3ehgoveuew/xGyGDBqzf/bU6","oUaIRhBnaI"
"Adelle Bahringer","larson.eulah@example.net","6/12/2021 17:13:04","$2y$10$t88JUXd0aDsH0TNFDdCxN.MoEGk.q68Gcq7oUQXCU1AjKSPVhYry2","vey91LTbeT"
"River Schulist","johnson.jaqueline@example.net","6/12/2021 17:13:04","$2y$10$Cpsa3lMXcOAJs1SNWQp7JuhRExHAuhSpfPr/S9q/nMEgKdJKrZpRe","ZhNvtHkoxz"
"Solon Glover DDS","marina.grant@example.com","6/12/2021 17:13:04","$2y$10$wWVFYqqO4DnMvYk7AVAmue8OLRLTVLFzuZBCTbvTTEFH4PTB6aQ/i","FmHB5UBg9x"
"Mrs. Asha Kreiger II","ettie81@example.com","6/12/2021 17:13:04","$2y$10$xolJ56O6cFcIfA9a8P30j.WwLtO0PsZ4FiYiR4vzesHoUTnDQMkSS","mENE4W4Uy4"
"Donnell Spinka MD","ijacobi@example.net","6/12/2021 17:13:04","$2y$10$GD13/zFCFuZfWADTAO6EeufNjO4iWvAbC9pt9F6KJIsG5hJYKifCS","dKolL5Sg8N"
"Donnell Will","zrosenbaum@example.net","6/12/2021 17:13:04","$2y$10$.IOxFO2oulsf4uAYejATTO06Aia.F4uvK1XF90JQZIhyUIy0dRQaG","oYThNw2lEd"
"Oswald Bednar","jerry06@example.com","6/12/2021 17:13:04","$2y$10$6kGVUWFgj02Dw7MSlbFKsebtOuCQJwOlXmoAy9GFlvhI.f7FPwjiG","nCsrO3KZU1"
"Dr. Ozella Becker V","zthompson@example.org","6/12/2021 17:13:04","$2y$10$6mKjqDziRub.DdYfmz8NCOByC/O6jujF6JMB7Umw28H03akuV69cm","lIMpLBIS7M"
"Hugh Pouros","jeff91@example.net","6/12/2021 17:13:04","$2y$10$jwYAtI5H0gVPL/lKiPXVCedbGpr/O.4e.ESkks7i1/D5CB4JaT2fK","jilCZXLmxx"
"Teagan Kertzmann","eddie.kris@example.com","6/12/2021 17:13:04","$2y$10$Uvuyq4dmOPiUkQsIUe2hj.UPJWm6IEm/RFaVLwAmkxHmqPuOBll9K","uuQxPzBF9n"
"Dr. Hayden Marks V","verdie.morar@example.org","6/12/2021 17:13:04","$2y$10$jwYlYzN9hFiMv02HlrYp0uFrUWK6SzvszTXRV9taAg/lwkw8TBjYi","OTHKK1Zr3O"
"Alysha Brown","gwolf@example.org","6/12/2021 17:13:04","$2y$10$QGHYA5dJoaMPogGszdU7qeUbYRzk5IOu3TkyfW5JZgQKfb.SGxjnu","Npx2vvZjXH"
"Haylie Toy","roob.johnathan@example.com","6/12/2021 17:13:04","$2y$10$SkERRYw7uDNCmw.DLvTkhOXytOMtZs4/4EAYBPOjlr2SRGHYYazyi","uowA4fbirb"
"Mario Eichmann","ernestina85@example.org","6/12/2021 17:13:04","$2y$10$VS31y/fGkfTx30mtjc3D8OviXmMM.vuJwPNtQ88xVj9ZLZTNSRKNq","FrbhdNUvcl"
"Solon Berge DDS","hirthe.madeline@example.org","6/12/2021 17:13:04","$2y$10$nviIva8sZbIG7JkIvhrbZOqTlhJZsPrKF7S.enxMG7iIm2Kd8EUPO","Gx5flz9qSw"
"Christophe Kulas","wbeier@example.com","6/12/2021 17:13:05","$2y$10$Lju.wHN.rgBnlVFAQTAENuKwTQ6HIxvm/u5NE8XTCcH760lhxts3m","0KNHM7dGoj"
"Prof. Pietro O'Reilly PhD","hhills@example.org","6/12/2021 17:13:05","$2y$10$r/a19NYA1RS46DCHVDEoRe1V8TUgYqX5aGZRbPsMrcVRE4sgjSjG2","VXYMWyt4uC"
"Mrs. Alexandrea Yundt III","baumbach.americo@example.net","6/12/2021 17:13:05","$2y$10$XLd65x3rpLwFrXldKDhDjO3kbCKcNrMGoQr3qhomcS0oL2QZRWeKq","kElVW5tBq9"
"Mr. Kenneth Gislason","morar.emmet@example.net","6/12/2021 17:13:05","$2y$10$PFWKm89bXtarm.fxrmPamOeojbCNaRIvkqAt49DZglD0pIwNTkYpG","04YK1JVRSd"
"Forest Gorczany","nicola.bauch@example.com","6/12/2021 17:13:05","$2y$10$YIyLezeypZySbFMcuOGuhOSBwAIjoxVB0y9IzW9R5pYmZwg0U2f.q","bSf5qt6naO"
"Johnathon Feil PhD","jennings94@example.net","6/12/2021 17:13:05","$2y$10$8o4q/e/3C6X/7qlKD4rpuubpQKjCdNYRxXaYIVVKXt9w0X.ZrhHCa","gzOn7Cg7BL"
"Jessy Parker","magali66@example.net","6/12/2021 17:13:05","$2y$10$MOLFSMHGXcUpx8rI9vNyH.iBmjzI8TWWw3uHs7DzjtfXWiF8TBgCu","tEoMLMwWjV"
"Mrs. Breanna Veum","adonnelly@example.org","6/12/2021 17:13:05","$2y$10$OoWJPcVEsAfdMMk7vvw1fuIxicwTP.LqPcq7kOlDH9vt6oCdeTYc2","bWUlwMwDbZ"
"Estefania Hintz","philpert@example.net","6/12/2021 17:13:05","$2y$10$mRWvHcv8JZkvpEGICZOmGuF2N1ohlLS083jdzCZYfY9E5RYypWi4e","ogRfs2y1PH"
"Prof. Erling Doyle","mike05@example.net","6/12/2021 17:13:05","$2y$10$WE1lIDnIlfY39Qqs1Je6fOdlNKosZjOcxnNWUp74nvPxnTqh/oHVi","OlNuITidrX"
"Mrs. Melba Bergnaum DDS","stephany.rosenbaum@example.org","6/12/2021 17:13:05","$2y$10$7GHBXnIVwUoQjqDgzocnreizCOI3AH62fzRMDoYQ5PlMja.1.f1Wm","b1kdUQxl3E"
"Abbey Streich DDS","effertz.marjolaine@example.net","6/12/2021 17:13:05","$2y$10$dnsT.wytxYkhHMUmCChoVuvdoup.WEYT8MjYE/kaJiTXqe4o0wdum","otZNKduqfS"
"Julie Shields","alden85@example.com","6/12/2021 17:13:05","$2y$10$J/pJSwGEGa6MA9ESR5UASeQGiLWyTo/HyGcbu15M9W5XK0F9PmP2m","5smW4acacV"
"Dr. Will Greenfelder","isabell87@example.com","6/12/2021 17:13:05","$2y$10$CuJjkrbGHt/7x4iqHl1KSuiK5Phv08.Ol/7.D12AFx4ZdqGYlBitW","bhfhiYu5su"
"Maia Ortiz","donna86@example.com","6/12/2021 17:13:05","$2y$10$AqaYJ1vEnWgipdqL8XqNGuUrGlPh5ubrgjDz1cS85.lTh0miq9EBa","3377wYVIVV"
"Mrs. Emelia Bahringer","meda.medhurst@example.com","6/12/2021 17:13:06","$2y$10$4gX1JebG5R4P1Mgyap/K9OMfLqyV3gOFiSqFsqub870M20JQRa0uu","zh3oaFCmK6"
"Elmer Stanton II","grace.hills@example.net","6/12/2021 17:13:06","$2y$10$tMpPx7o4DPxbKADIu5id4.n8Bp4cJaNIQYmj8j5ykMrtQpU938Ku2","6W4SlzyUfb"
"Ms. Mayra Hagenes","oconnell.ramona@example.com","6/12/2021 17:13:06","$2y$10$9NmDHjsUjAU28OPh4/LevuOVB3FUurNxZs2kCAr0MdjpLZSi9VJ5K","ku9NHMin4C"
"Prof. Lia Rohan","dlowe@example.net","6/12/2021 17:13:06","$2y$10$ScGzu5uIebGuIL5gWhm5u.XVEDdwXfVFn1pMkyXoYsWohYdibK5pG","69ZkTwSdPX"
"Prof. Sheldon O'Connell III","wiza.marlene@example.org","6/12/2021 17:13:06","$2y$10$3Yxz80f9ojxvvzlgB.UjVu7wLwMYVZ5qjoCkoI4LXpsCdIt936o9q","4DcaWvEm8c"
"Mr. Oda Boyer","ramiro60@example.org","6/12/2021 17:13:06","$2y$10$3dF3LN9DeGzrLSY5pn79vORZAvZXR97eSyqmCU13/XlJJ6HDUcu3W","Xm9Yk2rTHa"
"Trenton Dooley","coby.larson@example.net","6/12/2021 17:13:06","$2y$10$jLq.J4.YK2pvCzPIVZFqZe3s.kgRdTzn7Cw86yznRj30b8ZIvKlq2","HdJh6aWQ5o"
"Timmothy Ullrich","fmuller@example.net","6/12/2021 17:13:06","$2y$10$KIvTreaJf79J.DmSsj/Wj.Fp/NMJoYLoaS6jzQGug3RYLkshYvVSy","hBspGZpBg8"
"Mrs. Destiney Rempel V","liana.steuber@example.org","6/12/2021 17:13:06","$2y$10$3eDoqF9BULSBP90zH/l/ZOZhoJftkgw5CA5TqRRkCbFOnKOaYrzmC","L5FLE1JVMp"
"Dr. Ignatius Crist","pcassin@example.org","6/12/2021 17:13:06","$2y$10$5gK38al1wwdvSfvjw0HYiuZfUjO9dfnS2pQTbFneEQVqtEWe.MyFC","fgws9TDarV"
"Bobbie White","cooper03@example.org","6/12/2021 17:13:06","$2y$10$lgoHXuNHM3RQh9vhor4uHe7bGy6rxetJv3GjnnFR6d7D2xYO9fGne","imwyDxbuMx"
"Zander Berge","gavin21@example.net","6/12/2021 17:13:06","$2y$10$dffaodSPd2XJe4tD/qKmPOufPmS9hZXi43kKb8dyDeLnvjolc/hsS","QsxUKjx6YG"
"Jordy Greenholt","jjohns@example.org","6/12/2021 17:13:06","$2y$10$3gRvrgNBczVqvp33eNF1K.tkJhDZsrMKXi2DLA8oXgjZlswc2gt42","UM9LVW4UOg"
"Prof. Elsa Welch","sally.nitzsche@example.net","6/12/2021 17:13:07","$2y$10$lVKWQVAHr6AqRwgHLiFpC.ssRYhX.K5VTnb24BeKvs/fD/miz2j7S","C1gBprYXE8"
"Ebba Stanton","arden.armstrong@example.net","6/12/2021 17:13:07","$2y$10$57KVaKVEDcQzHhGy415EROZoh1cYnAyZOKep.wjL0zs6cxNswpqCm","YwXnhqtGuy"
"Sienna Corkery","bernier.philip@example.org","6/12/2021 17:13:07","$2y$10$YPoELp.JPOhaZkl/cej.2.dYv0nqd4/cyZw1yDtzU7VvkToQlZ3ny","97XDCm99bt"
"Dr. Liam Lindgren Jr.","wmitchell@example.org","6/12/2021 17:13:07","$2y$10$TaXFRn9cCy7Mz9dMlR50.OZiTl6JawGS8oNp.yjuYkL0a0fbwqYKi","OVtfxMAeln"
"Prof. Nicklaus Macejkovic MD","mitchell.lindsay@example.net","6/12/2021 17:13:07","$2y$10$roOvzlEsIFqjBIhqhZj3DulNSLBQbuqGkMttQe9OtlU1Aw0UCJYrK","b446Xf1Zso"
"Adan Wehner","adelle.witting@example.org","6/12/2021 17:13:07","$2y$10$frZMEdVR8ykX1s5HF1131ecv9DyORm3fbjtmavWqD6V3pmTQxskkK","mtiG6vheBi"
"Alexys Yundt","schamberger.darrel@example.com","6/12/2021 17:13:07","$2y$10$Lu.q7ip.f1a4FJY2xcZ0guHEM5v1//ZCRYveE/9ogs3zK5vFbizea","KFgkRXHZRe"
"Dean Jast DDS","romaguera.jensen@example.com","6/12/2021 17:13:07","$2y$10$x6QXJawXFwtouoSjuB2GsugIqjwtS29OuRTwOMK1hhl9oFV7Jd80.","fyZKiBe5H9"
"Rickie Hill II","clifford.walker@example.net","6/12/2021 17:13:07","$2y$10$gbQR7bHvgUQgunNUW3a1lOU9AIKm8OPXCcsCGzje4wg.ISGe/Un4G","cC8T2d66Nt"
"Vidal Hartmann","marcos.ward@example.net","6/12/2021 17:13:07","$2y$10$ogpiMQFpSXwHXp4HxOgOJuKBR1iVz/BRxf9pDSy1YCq3.33kG/peW","pPrTVZcYCa"
"Emmie Carter","keshaun.smitham@example.net","6/12/2021 17:13:07","$2y$10$xgeDU99Y/yuKrBmLel4NXeycp2/cLsDoS4dVX5RZ7T35ha4C09c/m","iw21eialqr"
"Marlee Huels","swaniawski.jamel@example.net","6/12/2021 17:13:07","$2y$10$j6N2P/IznsfwJOzP2qEXKusOFfmQ8hJJhiATYHteO/1JQNvK0jSuG","SETyrLzRDH"
"Mia O'Kon","zgrant@example.net","6/12/2021 17:13:07","$2y$10$S1tkmvLfblHSs5xAl7wiHeSlFZOvW1H26cF162B9bcd87m7HKCiEK","WRLZCR3gA9"
"Prof. Isabella D'Amore","zita17@example.com","6/12/2021 17:13:07","$2y$10$xoBQ1tZ73/M4YxQOVp6yWuyxo07jxbSQz6j/MMXVhThuZr4NWBSdq","2L7FDCqdAh"
"Nella Jast Sr.","brown.jordane@example.net","6/12/2021 17:13:07","$2y$10$ZYb/m46DTJ2GD2dZWCpuFu.AT6piod0i2MwLjCbEMu9CZLnDo.E9G","DjiOfBPaoy"
"Prof. Agustin Denesik","fpagac@example.com","6/12/2021 17:13:08","$2y$10$nRaJ1rXKgJUccNlo9YBNMeUwVasf5O4e//5Hg9DuPQZu71IMiPcpi","bZClKSobNW"
"Mr. Ethan Witting","retha.weber@example.com","6/12/2021 17:13:08","$2y$10$ShfdDv/bGnoAr6OKZHbkr.SqKEhWWQ7wHlOp/SZc0Doaxs36GK2..","vEDi2CRLD8"
"Reed Champlin","medhurst.arlo@example.com","6/12/2021 17:13:08","$2y$10$yfPOwHIyH3eZLngi6wClyOSOpeqAM/MruxnxNLQgqPESS4G.QhWqm","38M5KOFvk4"
"Royal Casper","hilton.brakus@example.org","6/12/2021 17:13:08","$2y$10$VSJdkXjebAQC.2PuHXlICuvXwogQOg61Qo4w1vJDa0r28FVVo.HZi","BuOv2tau9e"
"Miss Camille Kozey","susana32@example.org","6/12/2021 17:13:08","$2y$10$9jEX6su3UMclSXH3Eq1nZuJjddravV6ZpTLM98XqLsNDMxAV58agy","Pn23i3xT9D"
"Kiarra Kreiger","wyatt.lockman@example.org","6/12/2021 17:13:08","$2y$10$hNa6XDScT5EvzluptuGoXe8UMCgbdDrPE9.NZYx6BkTGnnR5IDQ7m","7BV0rJMK89"
"Johnathon Lockman","fletcher53@example.org","6/12/2021 17:13:08","$2y$10$aXPqZUC7FTdFUN8Yg7ahE.RxShshwOCpDST.kl68vAdx8D20GSUDC","8Kz09L3iH1"
"Elna Lebsack Sr.","cole51@example.net","6/12/2021 17:13:08","$2y$10$5zg.BNJGagF1/JivZo9rYekMu/7FPpB4H61cWhsPjHTGQ.2pfloxi","2en9NWik4N"
"Lura Wehner V","jerry76@example.net","6/12/2021 17:13:08","$2y$10$o4Zwm59cqBY22g1NL2tDnuK0VZIhF.pIg0xXaI3Fyuh3dFGF3Z/De","cLgUryk8D7"
"Justine Nicolas","kiel39@example.org","6/12/2021 17:13:08","$2y$10$4oIrWCejeZ00.zdgqb7DCuvv94tPMR0Avw/AE7mE5vvPVmZ48hie6","xc0SndVgvd"
"Dr. Forrest Jones","ubernhard@example.org","6/12/2021 17:13:08","$2y$10$MV0zfcjrGa7VPDDtVEy9E.Izw8An07I8XYUhuAD4RBZPFtIb0410S","wRiFns1XmR"
"Dr. Evelyn Franecki","lamar78@example.net","6/12/2021 17:13:08","$2y$10$dd/9DwMg.jGdfQqopSYLaesUHsOciWwai9wxtdZtAedIZo97q0d42","c4MFhpmpHk"
"Nannie Nolan II","kreiger.hudson@example.net","6/12/2021 17:13:08","$2y$10$bhCX1R3f7oiozP3rGgMtdOe.p83rrGWytR2Msmjp7SjBlwhGiSx4y","fBAVnFWZMQ"
"Retta Olson","braulio.pfeffer@example.net","6/12/2021 17:13:08","$2y$10$LRz4DCE8U5kjAvVI8UOFu.XRAMToT5cDGJYMo2oggzDnP7hcPPqGy","HL4Uzl48y8"
"Miss Cortney Renner IV","nmonahan@example.org","6/12/2021 17:13:08","$2y$10$ZMWBZ2iWXRJhkSTV1OlRTuRhBhcEUGw7CfGVHnbNY6snqcTlQ/0A6","rRfCF9ze27"
"Kian Streich","perry.kovacek@example.net","6/12/2021 17:13:09","$2y$10$OSYQTDkv/KQexErqfgeqbe8fxrMYlLlSicf/8uGsdKMmzNmQpD.lO","Wj1keHoVpQ"
"Mr. Lamont Dibbert IV","cooper43@example.net","6/12/2021 17:13:09","$2y$10$HRa/PeKMz5Q5328EJbvSkO/QIZmptdTXZlGL4uV5IhpKFqZ/kO7wG","JT5wbsQKCe"
"Jason Friesen","maymie08@example.com","6/12/2021 17:13:09","$2y$10$t6QZ0ljkY/amXgBJZDnCmesP5QM/rc3zCUHIAz0c.ceOso1XBX5Su","d5MPVYOk1h"
"Eve Feest","kayley.roberts@example.com","6/12/2021 17:13:09","$2y$10$1yspqyJNBe/DKovFShprqu1gS3YTx10jPIxE3p9DdQFm9YkMc6MuW","m7IinlmKGS"
"Prof. Bridgette Kerluke MD","ghuels@example.com","6/12/2021 17:13:09","$2y$10$jfATCmTxQUm0S729R9dgweYiPQLBQ2v/Cdbl7MELeWgUW.kfpp4HO","RPkIAyS6sG"
"Willow Johnson","kiara.haag@example.com","6/12/2021 17:13:09","$2y$10$wnCZETAbqs3CV1jT7VjKGeFDqU7QxMOq6tigdpCO/H7nPEqzCihbK","3IS18NA8rK"
"Pattie Turner","agustina67@example.org","6/12/2021 17:13:09","$2y$10$vScs.LbUzWaXTD6BZ3Msn.98.zBmFqC93exhQj0idNdgCDo4vn26q","nHnVpW3uOS"
"Ora Fay","eshields@example.com","6/12/2021 17:13:09","$2y$10$IQ3uKV3cB6IRPN2fPco80OeZ3CenbEr.b139Y0LuVMkmB.NKW26iq","snWHVikCPe"
"Judd Rosenbaum","kareem91@example.net","6/12/2021 17:13:09","$2y$10$JXwPN8DFI23Mjwd3qwccW.zGuIkOXfP49OU4vgn721em/C.QegKTS","AkQT3pWNZb"
"Mr. Jaiden Jacobson IV","crobel@example.net","6/12/2021 17:13:09","$2y$10$jQ6bclmpocHdHiLMm4T.R..wMU0JBlm2yIq97UpP6XGJsus10Qyn6","AQT0Ydd9Eb"
"Dr. Lon Emard DDS","rollin.hermann@example.org","6/12/2021 17:13:09","$2y$10$tPZlarWBpRblRxXZHniHDu00O4qd166Np.EJ8fAcuzhkQnxjqhFLG","flDs7MzlfX"
"Gunner Kris","pauline29@example.org","6/12/2021 17:13:09","$2y$10$VsYqXmqR/SitWjzL5xJIa.w/M8yclF7dd2UO02TS0TBf.D5F48t1u","z8gV76PrWb"
"Kallie Pfeffer","tfeeney@example.com","6/12/2021 17:13:09","$2y$10$yEbpSyY0e9wlxvJeQW5Vlui5ehCqsQUzYDzIkh1nhdIVBYNdH09C2","d2culARvMv"
"Mustafa Mayer","hagenes.bettye@example.net","6/12/2021 17:13:09","$2y$10$dS/grsW1WTRuDCH73MYoyeDtuAZaa3nbHuCs0Hp4h27BTf4Gov7GK","8GP3MfNuXU"
"Kailey Price DDS","reina41@example.net","6/12/2021 17:13:09","$2y$10$evWKH..qZhPw33.OCfdnbu3ce1fTcIP.Mck0rNkdFjcYFS9kSXHb2","AxJVuoADnX"
"Domenick Schmitt","casper.hilpert@example.net","6/12/2021 17:13:09","$2y$10$HMfOMEWsBVs3Y1.AuAFUeOK0uzJyISgfUVFkZdMHvpl20JyIu6tsK","060aKtFOh7"
"Mr. Axel Smitham","citlalli06@example.com","6/12/2021 17:13:10","$2y$10$tlWX73S08dmkxjrFO.NsTe/QeJfFNch2mA4UJd3HZylFeiovvcF0C","OzM1ww5Gyk"
